,EMO01,EMO01_Role01,EMO01_Role02,EMO02_Few_shot01,EMO02_Role01,Role01,Role02,y
HPRD50.d0.s0_0,-0.27196,-0.30015,-0.21473,-0.254,-0.14022,-0.26608,-0.14022,0
HPRD50.d0.s0_1,-0.27196,-0.30015,-0.21473,-0.254,-0.14022,-0.26608,-0.14022,0
HPRD50.d0.s0_2,-0.27196,-0.30015,-0.21473,-0.254,-0.14022,-0.26608,-0.14022,0
HPRD50.d1.s0_3,-0.27196,-0.30015,-0.21473,-0.254,-0.14022,-0.26608,-0.14022,1
HPRD50.d1.s1_4,-0.27196,-0.30015,-0.21473,-0.254,-0.14022,-0.26608,-0.14022,0
HPRD50.d1.s1_5,-0.27196,-0.30015,-0.21473,-0.254,-0.14022,-0.26608,-0.14022,0
HPRD50.d1.s1_6,-0.27196,-0.30015,-0.21473,-0.254,-0.14022,-0.26608,-0.14022,0
HPRD50.d1.s2_7,-0.27196,-0.30015,-0.21473,-0.254,-0.14022,-0.26608,-0.14022,1
HPRD50.d1.s3_8,-0.27196,-0.30015,-0.21473,-0.254,-0.14022,-0.26608,-0.14022,1
HPRD50.d11.s0_49,-0.27196,-0.30015,4.65698,-0.254,-0.14022,-0.26608,-0.14022,1
HPRD50.d11.s0_50,-0.27196,-0.30015,-0.21473,-0.254,-0.14022,-0.26608,7.13142,1
HPRD50.d11.s0_51,-0.27196,-0.30015,-0.21473,-0.254,-0.14022,-0.26608,7.13142,1
HPRD50.d11.s1_52,-0.27196,3.33167,-0.21473,-0.254,-0.14022,3.75832,-0.14022,1
HPRD50.d12.s0_53,-0.27196,3.33167,-0.21473,3.937,-0.14022,3.75832,-0.14022,1
HPRD50.d12.s1_54,3.67696,-0.30015,4.65698,3.937,-0.14022,-0.26608,-0.14022,0
HPRD50.d12.s1_55,3.67696,-0.30015,4.65698,3.937,-0.14022,3.75832,-0.14022,1
HPRD50.d12.s1_56,3.67696,-0.30015,-0.21473,3.937,-0.14022,-0.26608,-0.14022,1
HPRD50.d13.s0_57,-0.27196,-0.30015,-0.21473,-0.254,-0.14022,-0.26608,-0.14022,1
HPRD50.d13.s1_58,-0.27196,-0.30015,-0.21473,-0.254,-0.14022,-0.26608,-0.14022,0
HPRD50.d13.s1_59,-0.27196,-0.30015,-0.21473,-0.254,-0.14022,-0.26608,-0.14022,0
HPRD50.d13.s1_60,-0.27196,-0.30015,-0.21473,-0.254,-0.14022,-0.26608,-0.14022,1
HPRD50.d13.s1_61,-0.27196,-0.30015,-0.21473,-0.254,-0.14022,-0.26608,-0.14022,0
HPRD50.d13.s1_62,-0.27196,-0.30015,-0.21473,-0.254,-0.14022,-0.26608,-0.14022,0
HPRD50.d13.s1_63,-0.27196,-0.30015,-0.21473,-0.254,-0.14022,-0.26608,-0.14022,0
HPRD50.d13.s2_64,3.67696,3.33167,-0.21473,-0.254,-0.14022,3.75832,-0.14022,1
HPRD50.d14.s0_65,-0.27196,-0.30015,-0.21473,-0.254,-0.14022,-0.26608,-0.14022,0
HPRD50.d14.s1_66,-0.27196,-0.30015,-0.21473,-0.254,-0.14022,-0.26608,-0.14022,1
HPRD50.d16.s0_67,-0.27196,-0.30015,-0.21473,-0.254,-0.14022,3.75832,-0.14022,1
HPRD50.d16.s0_68,-0.27196,-0.30015,-0.21473,-0.254,-0.14022,3.75832,-0.14022,0
HPRD50.d16.s0_69,-0.27196,-0.30015,-0.21473,-0.254,-0.14022,3.75832,-0.14022,1
HPRD50.d16.s1_70,-0.27196,-0.30015,-0.21473,-0.254,-0.14022,-0.26608,-0.14022,0
HPRD50.d16.s1_71,-0.27196,-0.30015,-0.21473,-0.254,-0.14022,-0.26608,-0.14022,0
HPRD50.d16.s1_72,-0.27196,-0.30015,-0.21473,-0.254,-0.14022,-0.26608,-0.14022,0
HPRD50.d16.s1_73,-0.27196,-0.30015,-0.21473,-0.254,-0.14022,-0.26608,-0.14022,0
HPRD50.d16.s1_74,-0.27196,-0.30015,-0.21473,-0.254,-0.14022,-0.26608,-0.14022,0
HPRD50.d16.s1_75,-0.27196,-0.30015,-0.21473,-0.254,-0.14022,-0.26608,-0.14022,0
HPRD50.d16.s1_76,-0.27196,-0.30015,-0.21473,-0.254,-0.14022,-0.26608,-0.14022,0
HPRD50.d16.s1_77,-0.27196,-0.30015,-0.21473,-0.254,-0.14022,-0.26608,-0.14022,0
HPRD50.d16.s1_78,-0.27196,-0.30015,-0.21473,-0.254,-0.14022,-0.26608,-0.14022,0
HPRD50.d16.s1_79,-0.27196,-0.30015,-0.21473,-0.254,-0.14022,-0.26608,-0.14022,0
HPRD50.d16.s1_80,-0.27196,-0.30015,-0.21473,-0.254,-0.14022,-0.26608,-0.14022,0
HPRD50.d16.s1_81,-0.27196,-0.30015,-0.21473,-0.254,-0.14022,-0.26608,-0.14022,0
HPRD50.d16.s1_82,-0.27196,-0.30015,-0.21473,-0.254,-0.14022,-0.26608,-0.14022,0
HPRD50.d16.s1_83,-0.27196,-0.30015,-0.21473,-0.254,-0.14022,-0.26608,-0.14022,0
HPRD50.d16.s1_84,-0.27196,-0.30015,-0.21473,-0.254,-0.14022,-0.26608,-0.14022,0
HPRD50.d16.s2_85,-0.27196,-0.30015,-0.21473,-0.254,-0.14022,3.75832,-0.14022,1
HPRD50.d16.s3_86,-0.27196,-0.30015,-0.21473,-0.254,-0.14022,-0.26608,-0.14022,1
HPRD50.d16.s3_87,-0.27196,-0.30015,-0.21473,-0.254,-0.14022,-0.26608,-0.14022,1
HPRD50.d16.s3_88,-0.27196,-0.30015,-0.21473,-0.254,-0.14022,-0.26608,-0.14022,0
HPRD50.d16.s4_89,3.67696,3.33167,4.65698,-0.254,-0.14022,-0.26608,7.13142,0
HPRD50.d16.s4_90,3.67696,-0.30015,4.65698,3.937,-0.14022,-0.26608,7.13142,1
HPRD50.d16.s4_91,3.67696,-0.30015,4.65698,-0.254,-0.14022,-0.26608,7.13142,1
HPRD50.d16.s5_100,-0.27196,-0.30015,-0.21473,-0.254,-0.14022,-0.26608,-0.14022,1
HPRD50.d16.s5_101,-0.27196,-0.30015,-0.21473,-0.254,-0.14022,-0.26608,-0.14022,1
HPRD50.d16.s5_92,-0.27196,-0.30015,-0.21473,-0.254,-0.14022,-0.26608,-0.14022,1
HPRD50.d16.s5_93,-0.27196,-0.30015,-0.21473,-0.254,-0.14022,-0.26608,-0.14022,1
HPRD50.d16.s5_94,-0.27196,-0.30015,-0.21473,-0.254,-0.14022,-0.26608,-0.14022,1
HPRD50.d16.s5_95,-0.27196,-0.30015,-0.21473,-0.254,-0.14022,-0.26608,-0.14022,0
HPRD50.d16.s5_96,-0.27196,3.33167,-0.21473,-0.254,-0.14022,-0.26608,-0.14022,0
HPRD50.d16.s5_97,-0.27196,-0.30015,-0.21473,-0.254,-0.14022,3.75832,-0.14022,0
HPRD50.d16.s5_98,-0.27196,-0.30015,-0.21473,-0.254,-0.14022,-0.26608,-0.14022,1
HPRD50.d16.s5_99,-0.27196,-0.30015,-0.21473,-0.254,-0.14022,-0.26608,-0.14022,0
HPRD50.d16.s6_102,-0.27196,-0.30015,-0.21473,-0.254,-0.14022,-0.26608,-0.14022,0
HPRD50.d16.s6_103,-0.27196,-0.30015,-0.21473,-0.254,-0.14022,-0.26608,-0.14022,0
HPRD50.d16.s6_104,-0.27196,-0.30015,-0.21473,-0.254,-0.14022,-0.26608,-0.14022,1
HPRD50.d16.s6_105,-0.27196,-0.30015,-0.21473,-0.254,-0.14022,-0.26608,-0.14022,0
HPRD50.d16.s6_106,-0.27196,-0.30015,-0.21473,-0.254,-0.14022,-0.26608,-0.14022,0
HPRD50.d16.s6_107,-0.27196,-0.30015,-0.21473,-0.254,-0.14022,-0.26608,-0.14022,1
HPRD50.d18.s0_108,3.67696,3.33167,-0.21473,-0.254,-0.14022,-0.26608,-0.14022,0
HPRD50.d18.s0_109,-0.27196,-0.30015,-0.21473,-0.254,-0.14022,-0.26608,-0.14022,1
HPRD50.d18.s0_110,-0.27196,3.33167,-0.21473,-0.254,7.13142,-0.26608,-0.14022,1
HPRD50.d18.s1_111,-0.27196,-0.30015,-0.21473,-0.254,-0.14022,-0.26608,-0.14022,0
HPRD50.d18.s1_112,-0.27196,-0.30015,-0.21473,-0.254,-0.14022,-0.26608,-0.14022,0
HPRD50.d18.s1_113,-0.27196,-0.30015,-0.21473,-0.254,-0.14022,-0.26608,-0.14022,0
HPRD50.d18.s2_114,-0.27196,-0.30015,-0.21473,-0.254,-0.14022,-0.26608,-0.14022,1
HPRD50.d18.s3_115,-0.27196,-0.30015,-0.21473,-0.254,-0.14022,-0.26608,-0.14022,0
HPRD50.d18.s4_116,-0.27196,-0.30015,-0.21473,-0.254,-0.14022,-0.26608,-0.14022,0
HPRD50.d18.s4_117,-0.27196,-0.30015,-0.21473,-0.254,-0.14022,-0.26608,-0.14022,0
HPRD50.d18.s4_118,-0.27196,-0.30015,-0.21473,-0.254,-0.14022,-0.26608,-0.14022,0
HPRD50.d19.s0_119,-0.27196,-0.30015,-0.21473,-0.254,-0.14022,-0.26608,-0.14022,0
HPRD50.d19.s0_120,-0.27196,-0.30015,-0.21473,-0.254,-0.14022,-0.26608,-0.14022,1
HPRD50.d19.s0_121,-0.27196,-0.30015,-0.21473,-0.254,-0.14022,-0.26608,-0.14022,0
HPRD50.d19.s0_122,-0.27196,-0.30015,-0.21473,-0.254,-0.14022,-0.26608,-0.14022,1
HPRD50.d19.s0_123,-0.27196,-0.30015,-0.21473,-0.254,-0.14022,-0.26608,-0.14022,0
HPRD50.d19.s0_124,-0.27196,-0.30015,-0.21473,-0.254,-0.14022,-0.26608,-0.14022,1
HPRD50.d19.s1_125,-0.27196,-0.30015,-0.21473,-0.254,-0.14022,-0.26608,-0.14022,0
HPRD50.d19.s1_126,-0.27196,-0.30015,-0.21473,-0.254,-0.14022,-0.26608,-0.14022,0
HPRD50.d19.s1_127,-0.27196,-0.30015,-0.21473,-0.254,-0.14022,-0.26608,-0.14022,0
HPRD50.d19.s2_128,3.67696,3.33167,-0.21473,-0.254,-0.14022,3.75832,-0.14022,1
HPRD50.d19.s2_129,-0.27196,3.33167,4.65698,-0.254,-0.14022,3.75832,-0.14022,0
HPRD50.d19.s2_130,3.67696,-0.30015,-0.21473,-0.254,-0.14022,-0.26608,-0.14022,0
HPRD50.d19.s2_131,-0.27196,-0.30015,-0.21473,-0.254,-0.14022,-0.26608,-0.14022,0
HPRD50.d19.s2_132,-0.27196,-0.30015,-0.21473,-0.254,-0.14022,-0.26608,-0.14022,0
HPRD50.d19.s2_133,-0.27196,-0.30015,4.65698,-0.254,-0.14022,-0.26608,-0.14022,1
HPRD50.d2.s0_10,-0.27196,-0.30015,-0.21473,-0.254,-0.14022,-0.26608,-0.14022,0
HPRD50.d2.s0_11,-0.27196,-0.30015,-0.21473,-0.254,-0.14022,-0.26608,-0.14022,0
HPRD50.d2.s0_9,-0.27196,-0.30015,-0.21473,-0.254,-0.14022,-0.26608,-0.14022,0
HPRD50.d2.s1_12,3.67696,-0.30015,-0.21473,-0.254,-0.14022,-0.26608,-0.14022,0
HPRD50.d2.s2_13,-0.27196,-0.30015,-0.21473,-0.254,-0.14022,-0.26608,-0.14022,0
HPRD50.d2.s3_14,-0.27196,-0.30015,-0.21473,-0.254,-0.14022,-0.26608,-0.14022,0
HPRD50.d2.s3_15,-0.27196,-0.30015,-0.21473,-0.254,-0.14022,-0.26608,-0.14022,0
HPRD50.d2.s3_16,-0.27196,-0.30015,-0.21473,-0.254,-0.14022,-0.26608,-0.14022,0
HPRD50.d20.s0_134,-0.27196,-0.30015,-0.21473,-0.254,-0.14022,-0.26608,-0.14022,1
HPRD50.d20.s0_135,-0.27196,-0.30015,-0.21473,-0.254,-0.14022,-0.26608,-0.14022,1
HPRD50.d20.s0_136,-0.27196,-0.30015,-0.21473,-0.254,-0.14022,-0.26608,-0.14022,1
HPRD50.d20.s1_137,-0.27196,-0.30015,-0.21473,-0.254,-0.14022,-0.26608,-0.14022,0
HPRD50.d20.s2_138,-0.27196,-0.30015,-0.21473,-0.254,-0.14022,-0.26608,-0.14022,0
HPRD50.d20.s2_139,-0.27196,-0.30015,-0.21473,-0.254,-0.14022,-0.26608,-0.14022,0
HPRD50.d20.s2_140,-0.27196,-0.30015,-0.21473,-0.254,-0.14022,-0.26608,-0.14022,0
HPRD50.d20.s3_141,3.67696,3.33167,-0.21473,-0.254,-0.14022,3.75832,-0.14022,0
HPRD50.d20.s3_142,3.67696,3.33167,4.65698,-0.254,7.13142,3.75832,-0.14022,1
HPRD50.d20.s3_143,-0.27196,3.33167,-0.21473,-0.254,-0.14022,-0.26608,-0.14022,1
HPRD50.d21.s0_144,-0.27196,-0.30015,4.65698,-0.254,-0.14022,-0.26608,-0.14022,1
HPRD50.d21.s0_145,-0.27196,-0.30015,-0.21473,-0.254,-0.14022,-0.26608,-0.14022,1
HPRD50.d21.s0_146,-0.27196,-0.30015,-0.21473,-0.254,-0.14022,-0.26608,-0.14022,0
HPRD50.d21.s1_147,-0.27196,-0.30015,-0.21473,-0.254,-0.14022,-0.26608,-0.14022,0
HPRD50.d21.s1_148,-0.27196,-0.30015,-0.21473,-0.254,-0.14022,-0.26608,-0.14022,0
HPRD50.d21.s1_149,-0.27196,-0.30015,-0.21473,-0.254,-0.14022,-0.26608,-0.14022,0
HPRD50.d21.s2_150,-0.27196,-0.30015,-0.21473,-0.254,-0.14022,-0.26608,-0.14022,0
HPRD50.d22.s0_151,-0.27196,-0.30015,-0.21473,-0.254,-0.14022,-0.26608,-0.14022,0
HPRD50.d22.s0_152,-0.27196,-0.30015,-0.21473,-0.254,-0.14022,-0.26608,-0.14022,1
HPRD50.d22.s0_153,-0.27196,-0.30015,-0.21473,-0.254,-0.14022,-0.26608,-0.14022,1
HPRD50.d22.s0_154,-0.27196,-0.30015,-0.21473,-0.254,-0.14022,-0.26608,-0.14022,1
HPRD50.d22.s0_155,-0.27196,-0.30015,4.65698,-0.254,-0.14022,-0.26608,-0.14022,1
HPRD50.d22.s0_156,-0.27196,-0.30015,-0.21473,-0.254,-0.14022,-0.26608,-0.14022,0
HPRD50.d22.s1_157,-0.27196,3.33167,-0.21473,-0.254,-0.14022,-0.26608,-0.14022,1
HPRD50.d22.s1_158,-0.27196,-0.30015,-0.21473,-0.254,-0.14022,-0.26608,-0.14022,1
HPRD50.d22.s1_159,-0.27196,3.33167,-0.21473,-0.254,-0.14022,-0.26608,-0.14022,1
HPRD50.d22.s1_160,-0.27196,3.33167,-0.21473,-0.254,-0.14022,-0.26608,-0.14022,0
HPRD50.d22.s1_161,-0.27196,3.33167,-0.21473,-0.254,7.13142,-0.26608,-0.14022,0
HPRD50.d22.s1_162,-0.27196,3.33167,-0.21473,-0.254,7.13142,-0.26608,-0.14022,0
HPRD50.d22.s1_163,-0.27196,3.33167,-0.21473,-0.254,-0.14022,-0.26608,-0.14022,1
HPRD50.d22.s1_164,-0.27196,3.33167,-0.21473,-0.254,-0.14022,-0.26608,-0.14022,0
HPRD50.d22.s1_165,-0.27196,3.33167,-0.21473,-0.254,-0.14022,-0.26608,-0.14022,1
HPRD50.d22.s1_166,-0.27196,3.33167,-0.21473,-0.254,-0.14022,-0.26608,-0.14022,1
HPRD50.d22.s2_167,-0.27196,-0.30015,-0.21473,-0.254,-0.14022,-0.26608,-0.14022,1
HPRD50.d22.s3_168,-0.27196,-0.30015,-0.21473,-0.254,-0.14022,-0.26608,-0.14022,1
HPRD50.d22.s3_169,-0.27196,-0.30015,-0.21473,-0.254,-0.14022,-0.26608,-0.14022,1
HPRD50.d22.s3_170,-0.27196,-0.30015,-0.21473,-0.254,-0.14022,-0.26608,-0.14022,0
HPRD50.d22.s3_171,-0.27196,-0.30015,-0.21473,-0.254,-0.14022,-0.26608,-0.14022,0
HPRD50.d22.s3_172,-0.27196,-0.30015,-0.21473,-0.254,-0.14022,-0.26608,-0.14022,1
HPRD50.d22.s3_173,-0.27196,-0.30015,-0.21473,-0.254,-0.14022,-0.26608,-0.14022,1
HPRD50.d22.s4_174,-0.27196,-0.30015,-0.21473,-0.254,-0.14022,-0.26608,-0.14022,0
HPRD50.d22.s5_175,-0.27196,-0.30015,-0.21473,-0.254,-0.14022,-0.26608,-0.14022,0
HPRD50.d22.s5_176,-0.27196,-0.30015,-0.21473,-0.254,-0.14022,-0.26608,-0.14022,0
HPRD50.d22.s5_177,-0.27196,-0.30015,-0.21473,-0.254,-0.14022,-0.26608,-0.14022,0
HPRD50.d22.s6_178,-0.27196,-0.30015,-0.21473,-0.254,-0.14022,-0.26608,-0.14022,0
HPRD50.d22.s6_179,-0.27196,-0.30015,-0.21473,-0.254,-0.14022,-0.26608,-0.14022,1
HPRD50.d22.s6_180,-0.27196,-0.30015,-0.21473,-0.254,-0.14022,-0.26608,-0.14022,1
HPRD50.d22.s7_181,-0.27196,-0.30015,-0.21473,-0.254,-0.14022,-0.26608,-0.14022,1
HPRD50.d22.s7_182,-0.27196,-0.30015,-0.21473,-0.254,-0.14022,-0.26608,-0.14022,1
HPRD50.d22.s7_183,-0.27196,-0.30015,-0.21473,-0.254,-0.14022,-0.26608,-0.14022,0
HPRD50.d23.s0_184,-0.27196,-0.30015,-0.21473,-0.254,-0.14022,-0.26608,-0.14022,1
HPRD50.d23.s1_185,-0.27196,-0.30015,-0.21473,3.937,-0.14022,-0.26608,-0.14022,0
HPRD50.d23.s1_186,-0.27196,-0.30015,-0.21473,3.937,-0.14022,-0.26608,-0.14022,0
HPRD50.d23.s1_187,-0.27196,-0.30015,-0.21473,3.937,-0.14022,-0.26608,-0.14022,0
HPRD50.d23.s1_188,-0.27196,-0.30015,-0.21473,3.937,-0.14022,-0.26608,-0.14022,0
HPRD50.d23.s1_189,-0.27196,3.33167,-0.21473,3.937,-0.14022,-0.26608,-0.14022,1
HPRD50.d23.s1_190,-0.27196,-0.30015,-0.21473,3.937,-0.14022,-0.26608,-0.14022,0
HPRD50.d23.s1_191,-0.27196,-0.30015,-0.21473,-0.254,-0.14022,-0.26608,-0.14022,0
HPRD50.d23.s1_192,-0.27196,-0.30015,-0.21473,3.937,-0.14022,-0.26608,-0.14022,1
HPRD50.d23.s1_193,-0.27196,-0.30015,-0.21473,3.937,-0.14022,-0.26608,-0.14022,0
HPRD50.d23.s1_194,-0.27196,-0.30015,-0.21473,3.937,-0.14022,-0.26608,-0.14022,1
HPRD50.d23.s1_195,-0.27196,-0.30015,-0.21473,-0.254,-0.14022,-0.26608,-0.14022,0
HPRD50.d23.s1_196,-0.27196,-0.30015,-0.21473,-0.254,-0.14022,-0.26608,-0.14022,0
HPRD50.d23.s1_197,-0.27196,-0.30015,-0.21473,-0.254,-0.14022,-0.26608,-0.14022,0
HPRD50.d23.s1_198,-0.27196,-0.30015,-0.21473,3.937,-0.14022,-0.26608,-0.14022,0
HPRD50.d23.s1_199,-0.27196,-0.30015,-0.21473,-0.254,-0.14022,-0.26608,-0.14022,0
HPRD50.d23.s2_200,-0.27196,-0.30015,-0.21473,-0.254,-0.14022,-0.26608,-0.14022,0
HPRD50.d23.s2_201,-0.27196,-0.30015,-0.21473,-0.254,-0.14022,-0.26608,-0.14022,0
HPRD50.d23.s2_202,-0.27196,-0.30015,-0.21473,-0.254,-0.14022,-0.26608,-0.14022,0
HPRD50.d23.s2_203,-0.27196,-0.30015,-0.21473,-0.254,-0.14022,-0.26608,-0.14022,0
HPRD50.d23.s2_204,-0.27196,-0.30015,-0.21473,-0.254,-0.14022,-0.26608,-0.14022,0
HPRD50.d23.s2_205,-0.27196,-0.30015,-0.21473,-0.254,-0.14022,-0.26608,-0.14022,0
HPRD50.d23.s3_206,-0.27196,-0.30015,-0.21473,-0.254,-0.14022,-0.26608,-0.14022,1
HPRD50.d24.s0_207,-0.27196,-0.30015,-0.21473,-0.254,-0.14022,-0.26608,-0.14022,1
HPRD50.d24.s1_208,-0.27196,-0.30015,-0.21473,-0.254,-0.14022,-0.26608,-0.14022,0
HPRD50.d24.s1_209,-0.27196,-0.30015,-0.21473,-0.254,-0.14022,-0.26608,-0.14022,0
HPRD50.d24.s1_210,-0.27196,-0.30015,-0.21473,-0.254,-0.14022,-0.26608,-0.14022,1
HPRD50.d24.s1_211,-0.27196,-0.30015,-0.21473,-0.254,-0.14022,-0.26608,-0.14022,0
HPRD50.d24.s1_212,-0.27196,-0.30015,-0.21473,-0.254,-0.14022,-0.26608,-0.14022,1
HPRD50.d24.s1_213,-0.27196,-0.30015,-0.21473,-0.254,-0.14022,-0.26608,-0.14022,1
HPRD50.d25.s0_214,-0.27196,-0.30015,-0.21473,-0.254,-0.14022,-0.26608,-0.14022,0
HPRD50.d25.s0_215,-0.27196,-0.30015,-0.21473,-0.254,-0.14022,-0.26608,-0.14022,1
HPRD50.d25.s0_216,-0.27196,-0.30015,-0.21473,-0.254,-0.14022,-0.26608,-0.14022,0
HPRD50.d25.s1_217,-0.27196,-0.30015,-0.21473,-0.254,-0.14022,-0.26608,-0.14022,0
HPRD50.d25.s1_218,-0.27196,-0.30015,-0.21473,-0.254,-0.14022,-0.26608,-0.14022,0
HPRD50.d25.s1_219,-0.27196,-0.30015,-0.21473,-0.254,-0.14022,-0.26608,-0.14022,0
HPRD50.d25.s2_220,-0.27196,-0.30015,-0.21473,-0.254,-0.14022,-0.26608,-0.14022,0
HPRD50.d25.s2_221,3.67696,-0.30015,-0.21473,-0.254,-0.14022,-0.26608,-0.14022,0
HPRD50.d25.s2_222,-0.27196,-0.30015,-0.21473,-0.254,-0.14022,-0.26608,-0.14022,0
HPRD50.d26.s0_223,-0.27196,-0.30015,-0.21473,-0.254,-0.14022,-0.26608,-0.14022,1
HPRD50.d26.s1_224,3.67696,3.33167,4.65698,-0.254,-0.14022,3.75832,7.13142,1
HPRD50.d26.s1_225,-0.27196,-0.30015,4.65698,-0.254,-0.14022,-0.26608,-0.14022,0
HPRD50.d26.s1_226,3.67696,3.33167,4.65698,-0.254,-0.14022,3.75832,7.13142,1
HPRD50.d26.s2_227,3.67696,-0.30015,-0.21473,-0.254,-0.14022,-0.26608,-0.14022,1
HPRD50.d26.s2_228,-0.27196,-0.30015,-0.21473,-0.254,-0.14022,-0.26608,-0.14022,1
HPRD50.d26.s2_229,3.67696,-0.30015,-0.21473,-0.254,-0.14022,-0.26608,-0.14022,1
HPRD50.d26.s2_230,-0.27196,-0.30015,-0.21473,-0.254,-0.14022,-0.26608,-0.14022,0
HPRD50.d26.s2_231,-0.27196,-0.30015,-0.21473,-0.254,-0.14022,-0.26608,-0.14022,0
HPRD50.d26.s2_232,-0.27196,-0.30015,-0.21473,-0.254,-0.14022,-0.26608,-0.14022,0
HPRD50.d26.s3_233,-0.27196,-0.30015,-0.21473,-0.254,-0.14022,-0.26608,-0.14022,1
HPRD50.d26.s3_234,-0.27196,-0.30015,-0.21473,-0.254,-0.14022,-0.26608,-0.14022,1
HPRD50.d26.s3_235,-0.27196,-0.30015,-0.21473,-0.254,-0.14022,3.75832,-0.14022,0
HPRD50.d26.s4_236,-0.27196,-0.30015,-0.21473,-0.254,-0.14022,-0.26608,-0.14022,1
HPRD50.d26.s5_237,-0.27196,-0.30015,-0.21473,-0.254,-0.14022,-0.26608,-0.14022,0
HPRD50.d26.s5_238,-0.27196,-0.30015,-0.21473,-0.254,-0.14022,-0.26608,-0.14022,1
HPRD50.d26.s5_239,-0.27196,-0.30015,-0.21473,-0.254,-0.14022,-0.26608,-0.14022,1
HPRD50.d26.s6_240,-0.27196,-0.30015,-0.21473,-0.254,-0.14022,-0.26608,-0.14022,0
HPRD50.d26.s6_241,-0.27196,-0.30015,-0.21473,-0.254,-0.14022,-0.26608,-0.14022,0
HPRD50.d26.s6_242,-0.27196,-0.30015,-0.21473,-0.254,-0.14022,-0.26608,-0.14022,0
HPRD50.d26.s6_243,-0.27196,-0.30015,-0.21473,-0.254,-0.14022,-0.26608,-0.14022,0
HPRD50.d26.s6_244,-0.27196,-0.30015,-0.21473,-0.254,-0.14022,-0.26608,-0.14022,0
HPRD50.d26.s6_245,-0.27196,-0.30015,-0.21473,-0.254,-0.14022,-0.26608,-0.14022,1
HPRD50.d26.s7_246,-0.27196,-0.30015,-0.21473,-0.254,-0.14022,-0.26608,-0.14022,0
HPRD50.d26.s7_247,-0.27196,-0.30015,-0.21473,-0.254,-0.14022,-0.26608,-0.14022,0
HPRD50.d26.s7_248,-0.27196,-0.30015,-0.21473,-0.254,-0.14022,-0.26608,-0.14022,1
HPRD50.d26.s7_249,-0.27196,-0.30015,-0.21473,-0.254,-0.14022,-0.26608,-0.14022,0
HPRD50.d26.s7_250,-0.27196,-0.30015,-0.21473,-0.254,-0.14022,-0.26608,-0.14022,1
HPRD50.d26.s7_251,-0.27196,-0.30015,-0.21473,-0.254,-0.14022,-0.26608,-0.14022,0
HPRD50.d26.s7_252,-0.27196,-0.30015,-0.21473,-0.254,-0.14022,-0.26608,-0.14022,0
HPRD50.d26.s7_253,-0.27196,-0.30015,-0.21473,-0.254,-0.14022,-0.26608,-0.14022,0
HPRD50.d26.s7_254,-0.27196,-0.30015,-0.21473,-0.254,-0.14022,-0.26608,-0.14022,0
HPRD50.d26.s7_255,-0.27196,3.33167,-0.21473,-0.254,7.13142,-0.26608,-0.14022,1
HPRD50.d27.s0_256,-0.27196,-0.30015,-0.21473,-0.254,-0.14022,-0.26608,-0.14022,1
HPRD50.d27.s0_257,-0.27196,-0.30015,-0.21473,-0.254,-0.14022,-0.26608,-0.14022,1
HPRD50.d27.s0_258,-0.27196,-0.30015,-0.21473,-0.254,-0.14022,-0.26608,-0.14022,0
HPRD50.d27.s0_259,-0.27196,-0.30015,-0.21473,-0.254,-0.14022,-0.26608,-0.14022,0
HPRD50.d27.s0_260,-0.27196,-0.30015,-0.21473,-0.254,-0.14022,-0.26608,-0.14022,1
HPRD50.d27.s0_261,-0.27196,-0.30015,-0.21473,-0.254,-0.14022,-0.26608,-0.14022,1
HPRD50.d27.s1_262,-0.27196,-0.30015,-0.21473,-0.254,-0.14022,-0.26608,-0.14022,0
HPRD50.d29.s0_263,-0.27196,-0.30015,-0.21473,-0.254,-0.14022,-0.26608,-0.14022,1
HPRD50.d29.s1_264,-0.27196,-0.30015,-0.21473,-0.254,-0.14022,-0.26608,-0.14022,1
HPRD50.d29.s1_265,-0.27196,-0.30015,-0.21473,-0.254,-0.14022,3.75832,-0.14022,0
HPRD50.d29.s1_266,-0.27196,-0.30015,-0.21473,-0.254,-0.14022,-0.26608,-0.14022,0
HPRD50.d29.s1_267,-0.27196,-0.30015,-0.21473,-0.254,-0.14022,-0.26608,-0.14022,1
HPRD50.d29.s1_268,-0.27196,-0.30015,-0.21473,-0.254,-0.14022,-0.26608,-0.14022,1
HPRD50.d29.s1_269,-0.27196,-0.30015,-0.21473,-0.254,-0.14022,-0.26608,-0.14022,1
HPRD50.d29.s1_270,-0.27196,3.33167,-0.21473,-0.254,-0.14022,-0.26608,-0.14022,0
HPRD50.d29.s1_271,-0.27196,-0.30015,-0.21473,-0.254,-0.14022,-0.26608,-0.14022,0
HPRD50.d29.s1_272,-0.27196,-0.30015,-0.21473,-0.254,-0.14022,-0.26608,-0.14022,1
HPRD50.d29.s1_273,-0.27196,-0.30015,-0.21473,-0.254,-0.14022,-0.26608,-0.14022,1
HPRD50.d29.s2_274,-0.27196,-0.30015,-0.21473,-0.254,-0.14022,-0.26608,-0.14022,0
HPRD50.d29.s2_275,-0.27196,-0.30015,-0.21473,-0.254,-0.14022,-0.26608,-0.14022,1
HPRD50.d29.s2_276,-0.27196,-0.30015,-0.21473,-0.254,-0.14022,-0.26608,-0.14022,0
HPRD50.d29.s3_277,-0.27196,-0.30015,-0.21473,-0.254,-0.14022,-0.26608,-0.14022,1
HPRD50.d29.s3_278,-0.27196,-0.30015,-0.21473,-0.254,-0.14022,-0.26608,-0.14022,0
HPRD50.d29.s3_279,-0.27196,-0.30015,-0.21473,-0.254,-0.14022,-0.26608,-0.14022,0
HPRD50.d3.s0_17,-0.27196,-0.30015,-0.21473,-0.254,-0.14022,3.75832,-0.14022,1
HPRD50.d3.s1_18,-0.27196,-0.30015,-0.21473,-0.254,-0.14022,-0.26608,-0.14022,0
HPRD50.d3.s2_19,-0.27196,-0.30015,-0.21473,-0.254,-0.14022,-0.26608,-0.14022,1
HPRD50.d3.s2_20,-0.27196,-0.30015,-0.21473,-0.254,-0.14022,-0.26608,-0.14022,0
HPRD50.d3.s2_21,-0.27196,-0.30015,-0.21473,-0.254,-0.14022,-0.26608,-0.14022,0
HPRD50.d30.s0_280,3.67696,-0.30015,-0.21473,3.937,7.13142,3.75832,-0.14022,1
HPRD50.d30.s0_281,3.67696,-0.30015,-0.21473,3.937,-0.14022,3.75832,-0.14022,0
HPRD50.d30.s0_282,3.67696,3.33167,-0.21473,-0.254,-0.14022,3.75832,-0.14022,1
HPRD50.d31.s0_283,-0.27196,-0.30015,-0.21473,-0.254,-0.14022,-0.26608,-0.14022,1
HPRD50.d31.s1_284,-0.27196,-0.30015,-0.21473,-0.254,-0.14022,3.75832,-0.14022,1
HPRD50.d32.s0_285,-0.27196,-0.30015,-0.21473,-0.254,-0.14022,-0.26608,-0.14022,0
HPRD50.d32.s0_286,-0.27196,-0.30015,-0.21473,-0.254,-0.14022,-0.26608,-0.14022,0
HPRD50.d32.s0_287,-0.27196,-0.30015,-0.21473,-0.254,-0.14022,-0.26608,-0.14022,0
HPRD50.d32.s0_288,-0.27196,-0.30015,-0.21473,-0.254,-0.14022,-0.26608,-0.14022,0
HPRD50.d32.s0_289,-0.27196,-0.30015,-0.21473,-0.254,-0.14022,-0.26608,-0.14022,0
HPRD50.d32.s0_290,-0.27196,-0.30015,-0.21473,-0.254,-0.14022,-0.26608,-0.14022,0
HPRD50.d32.s1_291,-0.27196,-0.30015,-0.21473,-0.254,-0.14022,-0.26608,-0.14022,0
HPRD50.d32.s1_292,-0.27196,-0.30015,-0.21473,-0.254,-0.14022,-0.26608,-0.14022,1
HPRD50.d32.s1_293,-0.27196,-0.30015,-0.21473,-0.254,-0.14022,-0.26608,-0.14022,1
HPRD50.d32.s1_294,-0.27196,-0.30015,-0.21473,-0.254,-0.14022,-0.26608,-0.14022,1
HPRD50.d32.s1_295,-0.27196,-0.30015,-0.21473,-0.254,-0.14022,-0.26608,-0.14022,1
HPRD50.d32.s1_296,-0.27196,-0.30015,-0.21473,-0.254,-0.14022,-0.26608,-0.14022,0
HPRD50.d32.s2_297,3.67696,3.33167,-0.21473,3.937,7.13142,-0.26608,-0.14022,0
HPRD50.d32.s3_298,-0.27196,-0.30015,-0.21473,-0.254,-0.14022,-0.26608,-0.14022,0
HPRD50.d32.s3_299,-0.27196,-0.30015,-0.21473,-0.254,-0.14022,-0.26608,-0.14022,0
HPRD50.d32.s3_300,-0.27196,-0.30015,-0.21473,-0.254,-0.14022,-0.26608,-0.14022,0
HPRD50.d32.s3_301,-0.27196,-0.30015,-0.21473,-0.254,-0.14022,-0.26608,-0.14022,0
HPRD50.d32.s3_302,-0.27196,-0.30015,-0.21473,-0.254,-0.14022,-0.26608,-0.14022,0
HPRD50.d32.s3_303,-0.27196,-0.30015,-0.21473,-0.254,-0.14022,-0.26608,-0.14022,0
HPRD50.d32.s4_304,-0.27196,-0.30015,-0.21473,-0.254,-0.14022,-0.26608,-0.14022,0
HPRD50.d32.s5_305,-0.27196,-0.30015,-0.21473,-0.254,-0.14022,-0.26608,-0.14022,0
HPRD50.d32.s6_306,-0.27196,-0.30015,-0.21473,-0.254,-0.14022,-0.26608,-0.14022,0
HPRD50.d32.s6_307,-0.27196,-0.30015,-0.21473,-0.254,-0.14022,-0.26608,-0.14022,0
HPRD50.d32.s6_308,-0.27196,-0.30015,-0.21473,-0.254,-0.14022,-0.26608,-0.14022,1
HPRD50.d32.s6_309,-0.27196,-0.30015,-0.21473,-0.254,-0.14022,-0.26608,-0.14022,0
HPRD50.d32.s6_310,-0.27196,-0.30015,-0.21473,-0.254,-0.14022,-0.26608,-0.14022,0
HPRD50.d32.s6_311,-0.27196,-0.30015,-0.21473,-0.254,-0.14022,-0.26608,-0.14022,0
HPRD50.d32.s6_312,-0.27196,-0.30015,-0.21473,-0.254,-0.14022,-0.26608,-0.14022,0
HPRD50.d32.s6_313,-0.27196,-0.30015,-0.21473,-0.254,-0.14022,-0.26608,-0.14022,0
HPRD50.d32.s6_314,-0.27196,-0.30015,-0.21473,-0.254,-0.14022,-0.26608,-0.14022,0
HPRD50.d32.s6_315,-0.27196,-0.30015,-0.21473,-0.254,-0.14022,-0.26608,-0.14022,0
HPRD50.d32.s6_316,-0.27196,-0.30015,-0.21473,-0.254,-0.14022,-0.26608,-0.14022,0
HPRD50.d32.s6_317,-0.27196,-0.30015,-0.21473,-0.254,-0.14022,-0.26608,-0.14022,1
HPRD50.d32.s6_318,-0.27196,-0.30015,-0.21473,-0.254,-0.14022,-0.26608,-0.14022,0
HPRD50.d32.s6_319,-0.27196,-0.30015,-0.21473,-0.254,-0.14022,-0.26608,-0.14022,0
HPRD50.d32.s6_320,-0.27196,-0.30015,-0.21473,-0.254,-0.14022,-0.26608,-0.14022,0
HPRD50.d32.s6_321,-0.27196,-0.30015,-0.21473,-0.254,-0.14022,-0.26608,-0.14022,0
HPRD50.d32.s6_322,-0.27196,-0.30015,-0.21473,-0.254,-0.14022,-0.26608,-0.14022,0
HPRD50.d32.s6_323,-0.27196,-0.30015,-0.21473,-0.254,-0.14022,-0.26608,-0.14022,1
HPRD50.d32.s6_324,-0.27196,-0.30015,-0.21473,-0.254,-0.14022,-0.26608,-0.14022,0
HPRD50.d32.s6_325,-0.27196,-0.30015,-0.21473,-0.254,-0.14022,-0.26608,-0.14022,0
HPRD50.d32.s6_326,-0.27196,-0.30015,-0.21473,-0.254,-0.14022,-0.26608,-0.14022,0
HPRD50.d33.s0_327,3.67696,-0.30015,-0.21473,-0.254,-0.14022,-0.26608,-0.14022,1
HPRD50.d33.s0_328,-0.27196,-0.30015,-0.21473,-0.254,-0.14022,-0.26608,-0.14022,0
HPRD50.d33.s0_329,-0.27196,-0.30015,-0.21473,-0.254,-0.14022,-0.26608,-0.14022,1
HPRD50.d33.s1_330,-0.27196,-0.30015,-0.21473,-0.254,-0.14022,-0.26608,-0.14022,1
HPRD50.d33.s1_331,-0.27196,-0.30015,-0.21473,-0.254,-0.14022,-0.26608,-0.14022,1
HPRD50.d33.s1_332,-0.27196,-0.30015,-0.21473,-0.254,-0.14022,3.75832,-0.14022,0
HPRD50.d34.s0_333,-0.27196,-0.30015,-0.21473,-0.254,-0.14022,-0.26608,-0.14022,0
HPRD50.d34.s1_334,-0.27196,-0.30015,-0.21473,-0.254,-0.14022,-0.26608,-0.14022,0
HPRD50.d34.s1_335,-0.27196,-0.30015,-0.21473,-0.254,-0.14022,-0.26608,-0.14022,0
HPRD50.d34.s1_336,-0.27196,-0.30015,-0.21473,-0.254,-0.14022,-0.26608,-0.14022,0
HPRD50.d35.s0_337,-0.27196,-0.30015,-0.21473,-0.254,-0.14022,-0.26608,-0.14022,0
HPRD50.d35.s1_338,-0.27196,-0.30015,-0.21473,-0.254,-0.14022,-0.26608,-0.14022,0
HPRD50.d38.s0_339,-0.27196,-0.30015,-0.21473,-0.254,-0.14022,-0.26608,-0.14022,0
HPRD50.d38.s0_340,-0.27196,-0.30015,-0.21473,-0.254,-0.14022,-0.26608,-0.14022,0
HPRD50.d38.s0_341,-0.27196,-0.30015,-0.21473,-0.254,-0.14022,-0.26608,-0.14022,0
HPRD50.d38.s0_342,-0.27196,-0.30015,-0.21473,-0.254,-0.14022,-0.26608,-0.14022,0
HPRD50.d38.s0_343,-0.27196,-0.30015,-0.21473,-0.254,-0.14022,-0.26608,-0.14022,1
HPRD50.d38.s0_344,-0.27196,-0.30015,-0.21473,-0.254,-0.14022,-0.26608,-0.14022,0
HPRD50.d38.s0_345,-0.27196,-0.30015,-0.21473,-0.254,-0.14022,-0.26608,-0.14022,0
HPRD50.d38.s0_346,-0.27196,-0.30015,-0.21473,-0.254,-0.14022,-0.26608,-0.14022,0
HPRD50.d38.s0_347,-0.27196,-0.30015,-0.21473,-0.254,-0.14022,-0.26608,-0.14022,1
HPRD50.d38.s0_348,-0.27196,-0.30015,-0.21473,-0.254,-0.14022,-0.26608,-0.14022,0
HPRD50.d38.s0_349,-0.27196,-0.30015,-0.21473,-0.254,-0.14022,-0.26608,-0.14022,0
HPRD50.d38.s0_350,-0.27196,-0.30015,-0.21473,-0.254,-0.14022,-0.26608,-0.14022,1
HPRD50.d38.s0_351,-0.27196,-0.30015,-0.21473,-0.254,-0.14022,-0.26608,-0.14022,0
HPRD50.d38.s0_352,-0.27196,-0.30015,-0.21473,-0.254,-0.14022,-0.26608,-0.14022,1
HPRD50.d38.s0_353,-0.27196,3.33167,-0.21473,-0.254,-0.14022,-0.26608,-0.14022,1
HPRD50.d38.s1_354,-0.27196,-0.30015,-0.21473,3.937,-0.14022,-0.26608,-0.14022,0
HPRD50.d38.s1_355,-0.27196,-0.30015,-0.21473,3.937,-0.14022,-0.26608,-0.14022,0
HPRD50.d38.s1_356,-0.27196,-0.30015,-0.21473,3.937,-0.14022,-0.26608,-0.14022,0
HPRD50.d39.s0_357,-0.27196,-0.30015,-0.21473,-0.254,-0.14022,-0.26608,-0.14022,1
HPRD50.d39.s0_358,3.67696,-0.30015,4.65698,-0.254,-0.14022,-0.26608,-0.14022,0
HPRD50.d39.s0_359,-0.27196,-0.30015,4.65698,-0.254,-0.14022,-0.26608,-0.14022,1
HPRD50.d39.s1_360,-0.27196,-0.30015,-0.21473,-0.254,-0.14022,-0.26608,-0.14022,0
HPRD50.d4.s0_22,-0.27196,-0.30015,-0.21473,-0.254,-0.14022,-0.26608,-0.14022,0
HPRD50.d4.s1_23,-0.27196,-0.30015,-0.21473,-0.254,-0.14022,-0.26608,-0.14022,0
HPRD50.d4.s1_24,-0.27196,-0.30015,-0.21473,-0.254,-0.14022,-0.26608,-0.14022,1
HPRD50.d4.s1_25,-0.27196,-0.30015,-0.21473,-0.254,-0.14022,-0.26608,-0.14022,0
HPRD50.d4.s1_26,-0.27196,-0.30015,-0.21473,-0.254,-0.14022,-0.26608,-0.14022,1
HPRD50.d4.s1_27,-0.27196,-0.30015,-0.21473,-0.254,-0.14022,-0.26608,-0.14022,0
HPRD50.d4.s1_28,-0.27196,-0.30015,-0.21473,-0.254,-0.14022,-0.26608,-0.14022,1
HPRD50.d40.s0_361,-0.27196,-0.30015,-0.21473,-0.254,-0.14022,-0.26608,-0.14022,1
HPRD50.d40.s1_362,-0.27196,-0.30015,-0.21473,-0.254,-0.14022,-0.26608,-0.14022,1
HPRD50.d5.s0_29,-0.27196,-0.30015,-0.21473,-0.254,-0.14022,-0.26608,-0.14022,1
HPRD50.d5.s1_30,3.67696,3.33167,-0.21473,3.937,-0.14022,3.75832,-0.14022,1
HPRD50.d5.s2_31,-0.27196,-0.30015,-0.21473,-0.254,-0.14022,-0.26608,-0.14022,1
HPRD50.d5.s3_32,-0.27196,-0.30015,-0.21473,-0.254,-0.14022,-0.26608,-0.14022,1
HPRD50.d5.s4_33,-0.27196,-0.30015,-0.21473,-0.254,-0.14022,-0.26608,-0.14022,1
HPRD50.d5.s5_34,-0.27196,-0.30015,-0.21473,-0.254,-0.14022,-0.26608,-0.14022,1
HPRD50.d7.s0_35,-0.27196,-0.30015,-0.21473,-0.254,-0.14022,-0.26608,-0.14022,1
HPRD50.d7.s1_36,-0.27196,-0.30015,-0.21473,-0.254,-0.14022,-0.26608,-0.14022,0
HPRD50.d7.s2_37,-0.27196,-0.30015,-0.21473,-0.254,-0.14022,-0.26608,-0.14022,0
HPRD50.d7.s2_38,-0.27196,-0.30015,-0.21473,-0.254,-0.14022,-0.26608,-0.14022,0
HPRD50.d7.s2_39,-0.27196,-0.30015,-0.21473,-0.254,-0.14022,-0.26608,-0.14022,0
HPRD50.d7.s2_40,-0.27196,-0.30015,-0.21473,-0.254,-0.14022,-0.26608,-0.14022,0
HPRD50.d7.s2_41,-0.27196,-0.30015,-0.21473,-0.254,-0.14022,-0.26608,-0.14022,0
HPRD50.d7.s2_42,-0.27196,-0.30015,-0.21473,-0.254,-0.14022,-0.26608,-0.14022,0
HPRD50.d7.s3_43,-0.27196,-0.30015,-0.21473,-0.254,-0.14022,-0.26608,-0.14022,0
HPRD50.d8.s0_44,-0.27196,-0.30015,-0.21473,-0.254,-0.14022,-0.26608,-0.14022,0
HPRD50.d9.s0_45,-0.27196,-0.30015,-0.21473,-0.254,-0.14022,-0.26608,-0.14022,0
HPRD50.d9.s0_46,-0.27196,-0.30015,-0.21473,-0.254,-0.14022,-0.26608,-0.14022,0
HPRD50.d9.s0_47,-0.27196,-0.30015,-0.21473,-0.254,-0.14022,-0.26608,-0.14022,0
HPRD50.d9.s1_48,-0.27196,-0.30015,-0.21473,-0.254,-0.14022,-0.26608,-0.14022,0
